name,fraction
escaped,0.6073140495867768
basin_0,0.3273553719008264
basin_1,0.047479338842975206
basin_2,0.01785123966942149
